{"version": 2, "width": 180, "height": 24, "timestamp": 1531628455, "env": {"SHELL": "/bin/zsh", "TERM": "xterm-256color"}}
[0.16782, "o", "\u001b]7;file://lk.local/Users/yifeng/Documents/github/helm-private-repository\u0007"]
[0.311733, "o", "\u001b[1m\u001b[7m%\u001b[27m\u001b[1m\u001b[0m                                                                                                                                                                                   \r \r"]
[0.31209, "o", "\u001b]2;yifeng@lk\u0007\u001b]1;..te-repository\u0007"]
[0.318956, "o", "\u001b]7;file://lk.local/Users/yifeng/Documents/github/helm-private-repository\u0007"]
[0.457596, "o", "\r\u001b[0m\u001b[27m\u001b[24m\u001b[J\u001b[38;5;117m~/Documents/github/helm-private-repository\u001b[00m\u001b[38;5;012m (first-version \u001b[38;5;133m✘\u001b[38;5;012m)\u001b[38;5;133m\u001b[38;5;166m✹\u001b[00m\u001b[38;5;190m✭\u001b[00m \u001b[00m\u001b[38;5;077mᐅ\u001b[00m \u001b[K"]
[0.45785, "o", "\u001b[?1h\u001b="]
[0.457993, "o", "\u001b[?2004h"]
[1.038098, "o", "n"]
[1.118147, "o", "\bno"]
[1.408438, "o", "w"]
[1.653377, "o", " "]
[1.862049, "o", "b"]
[1.895708, "o", "u"]
[2.078138, "o", "i"]
[2.276947, "o", "l"]
[2.381236, "o", "d"]
[2.485419, "o", " "]
[2.629673, "o", "i"]
[2.829226, "o", "m"]
[2.893549, "o", "a"]
[3.125332, "o", "g"]
[3.181528, "o", "e"]
[4.299402, "o", "\u001b[?2004l\r\r\n"]
[4.300284, "o", "\u001b[1m\u001b[7m%\u001b[27m\u001b[1m\u001b[0m                                                                                                                                                                                   \r \r"]
[4.300476, "o", "\u001b]2;yifeng@lk\u0007\u001b]1;..te-repository\u0007"]
[4.306809, "o", "\u001b]7;file://lk.local/Users/yifeng/Documents/github/helm-private-repository\u0007"]
[4.433174, "o", "\r\u001b[0m\u001b[27m\u001b[24m\u001b[J\u001b[38;5;117m~/Documents/github/helm-private-repository\u001b[00m\u001b[38;5;012m (first-version \u001b[38;5;133m✘\u001b[38;5;012m)\u001b[38;5;133m\u001b[38;5;166m✹\u001b[00m\u001b[38;5;190m✭\u001b[00m \u001b[00m\u001b[38;5;077mᐅ\u001b[00m \u001b[K"]
[4.433345, "o", "\u001b[?1h\u001b=\u001b[?2004h"]
[5.701211, "o", "d"]
[5.781914, "o", "\bdo"]
[5.893273, "o", "c"]
[5.989232, "o", "k"]
[6.109117, "o", "e"]
[6.229486, "o", "r"]
[6.421176, "o", " "]
[6.645558, "o", "b"]
[6.680987, "o", "u"]
[6.869328, "o", "i"]
[7.053985, "o", "l"]
[7.173597, "o", "d"]
[7.277146, "o", " "]
[7.421238, "o", "-"]
[7.669411, "o", "t"]
[7.997828, "o", " "]
[8.389397, "o", "h"]
[8.485495, "o", "e"]
[8.589856, "o", "l"]
[8.653601, "o", "m"]
[8.933288, "o", "-"]
[9.285148, "o", "p"]
[9.445268, "o", "r"]
[9.581138, "o", "i"]
[9.885491, "o", "v"]
[9.957677, "o", "a"]
[10.293505, "o", "t"]
[10.341497, "o", "e"]
[10.653697, "o", "-"]
[10.902011, "o", "r"]
[10.965241, "o", "e"]
[11.029767, "o", "p"]
[11.101487, "o", "o"]
[11.558112, "o", ":"]
[11.861253, "o", "v"]
[12.013799, "o", "0"]
[12.117604, "o", "."]
[12.318059, "o", "1"]
[12.597781, "o", " "]
[12.999796, "o", "."]
[13.37164, "o", "\u001b[?1l\u001b>"]
[13.371885, "o", "\u001b[?2004l\r\r\n"]
[13.373119, "o", "\u001b]2;docker build -t helm-private-repo:v0.1 .\u0007\u001b]1;docker\u0007"]
[14.073717, "o", "Sending build context to Docker daemon    278kB\r\r\r\n"]
[14.248369, "o", "Step 1/11 : FROM python:3.6.6-alpine3.7\r\n"]
[14.249389, "o", " ---> 54c929ae976c\r\n"]
[14.249718, "o", "Step 2/11 : LABEL maintainer=\"aliasmee\""]
[14.250019, "o", "\r\n"]
[14.356489, "o", " ---> Running in fd85ac91e49c\r\n"]
[14.553153, "o", "Removing intermediate container fd85ac91e49c\r\n"]
[14.55338, "o", " ---> d161f720b906\r\n"]
[14.553522, "o", "Step 3/11 : ENV HELM_VERSION=\"v2.8.2\""]
[14.553834, "o", "\r\n"]
[14.650783, "o", " ---> Running in 6d89e9c5bd77\r\n"]
[14.861804, "o", "Removing intermediate container 6d89e9c5bd77\r\n"]
[14.862743, "o", " ---> 6232ab7a5de2\r\n"]
[14.863321, "o", "Step 4/11 : ENV HELM_REPO_PORT=\"80\""]
[14.863871, "o", "\r\n"]
[14.951245, "o", " ---> Running in e8c42ef95e29\r\n"]
[15.142128, "o", "Removing intermediate container e8c42ef95e29\r\n ---> 217c0f4fe0c7\r\nStep 5/11 : ENV HELM_REPO_URL=\"http://example.com\""]
[15.142304, "o", "\r\n"]
[15.241546, "o", " ---> Running in 1fc3e900958d\r\n"]
[15.440432, "o", "Removing intermediate container 1fc3e900958d\r\n ---> c4d7bfcf97e1\r\n"]
[15.440622, "o", "Step 6/11 : RUN mkdir /wwwdata /helm_repo_data    && wget -q http://storage.googleapis.com/kubernetes-helm/helm-${HELM_VERSION}-linux-amd64.tar.gz -O - | tar -xzO linux-amd64/helm > /usr/local/bin/helm    && chmod +x /usr/local/bin/helm"]
[15.441057, "o", "\r\n"]
[15.53387, "o", " ---> Running in 421b9b243365\r\n"]
[27.616605, "o", "Removing intermediate container 421b9b243365\r\n"]
[27.616694, "o", " ---> 7463f5cafde0\r\n"]
[27.616959, "o", "Step 7/11 : WORKDIR /helm_repo_data"]
[27.617148, "o", "\r\n"]
[27.941541, "o", "Removing intermediate container d4061b698bfc\r\n ---> 8119027590f5\r\nStep 8/11 : COPY . /helm_repo_data"]
[27.94177, "o", "\r\n"]
[28.204425, "o", " ---> b86d0de1d1d7\r\nStep 9/11 : EXPOSE ${HELM_REPO_PORT}/tcp\r\n"]
[28.337483, "o", " ---> Running in 9b50ab5c4467\r\n"]
[28.536373, "o", "Removing intermediate container 9b50ab5c4467\r\n"]
[28.536574, "o", " ---> 351f1985f789\r\nStep 10/11 : RUN python /helm_repo_data/scan_package.py\r\n"]
[28.643535, "o", " ---> Running in d9172a95dc81\r\n"]
[34.245704, "o", "Packaging your chart...\r\nSuccessfully packaged chart and saved it to: /wwwdata/postgresql-0.15.0.tgz\r\n\r\nSuccessfully packaged chart and saved it to: /wwwdata/mysql-0.8.2.tgz\r\n\r\nSuccessfully packaged chart and saved it to: /wwwdata/redis-3.6.4.tgz\r\n\r\n\r\n\r\nHelm charts resource now is ready!\r\n"]
[34.981883, "o", "Removing intermediate container d9172a95dc81\r\n ---> 0977497cb7df\r\nStep 11/11 : CMD [ \"python\", \"http_server.py\"]\r\n"]
[35.070618, "o", " ---> Running in 980245cfb0bd\r\n"]
[35.285485, "o", "Removing intermediate container 980245cfb0bd\r\n ---> c0871cb4cb3e\r\n"]
[35.335495, "o", "Successfully built c0871cb4cb3e\r\n"]
[35.346081, "o", "Successfully tagged helm-private-repo:v0.1\r\n"]
[35.354623, "o", "\u001b[1m\u001b[7m%\u001b[27m\u001b[1m\u001b[0m                                                                                                                                                                                   \r \r\u001b]2;yifeng@lk\u0007\u001b]1;..te-repository\u0007"]
[35.362706, "o", "\u001b]7;file://lk.local/Users/yifeng/Documents/github/helm-private-repository\u0007"]
[35.541709, "o", "\r\u001b[0m\u001b[27m\u001b[24m\u001b[J\u001b[38;5;117m~/Documents/github/helm-private-repository\u001b[00m\u001b[38;5;012m (first-version \u001b[38;5;133m✘\u001b[38;5;012m)\u001b[38;5;133m\u001b[38;5;166m✹\u001b[00m\u001b[38;5;190m✭\u001b[00m \u001b[00m\u001b[38;5;077mᐅ\u001b[00m \u001b[K"]
[35.542259, "o", "\u001b[?1h\u001b="]
[35.543578, "o", "\u001b[?2004h"]
[39.098266, "o", "s"]
[39.601487, "o", "\bst"]
[39.713852, "o", "a"]
[39.906256, "o", "r"]
[40.137589, "o", "t"]
[40.417207, "o", " "]
[40.633126, "o", "y"]
[40.787777, "o", "o"]
[40.849947, "o", "u"]
[41.041563, "o", "r"]
[41.193214, "o", " "]
[41.48968, "o", "h"]
[41.593767, "o", "e"]
[41.673897, "o", "l"]
[41.801619, "o", "m"]
[42.113745, "o", "-"]
[42.305565, "o", "r"]
[42.377428, "o", "e"]
[42.442097, "o", "p"]
[42.505164, "o", "o"]
[43.177339, "o", " "]
[43.449667, "o", "c"]
[43.521869, "o", "o"]
[43.601809, "o", "n"]
[43.913414, "o", "t"]
[43.985481, "o", "a"]
[44.089736, "o", "i"]
[44.153855, "o", "n"]
[44.265125, "o", "e"]
[44.346232, "o", "r"]
[44.609609, "o", " "]
[44.770038, "o", "l"]
[44.985118, "o", "i"]
[45.177842, "o", "k"]
[45.2739, "o", "e"]
[45.449671, "o", " "]
[45.809807, "o", "t"]
[45.83641, "o", "h"]
[45.889935, "o", "i"]
[46.625682, "o", "s"]
[46.889679, "o", ":"]
[48.432322, "o", "\u001b[?2004l\r\r\n"]
